iteration,sse
0,2049766.388865
1,684637.274445
2,571324.884298
3,554626.798461
4,552478.940242
5,552220.134532
6,552191.132539
7,552188.593600
8,552187.959430
9,552187.892633
