iteration,sse
0,275709.796578
1,149976.816101
2,142440.512700
3,132455.304241
4,112564.116379
5,71940.140151
6,41502.493493
7,38190.808521
8,38139.786780
9,38138.964917
10,38138.964917
